Campaign,Ad Group,Keyword,Criterion Type,Max CPC,Status,Final URL
TML | Search | Components & Symptoms,Sensors & Safety,garage door sensor repair,Exact,6.00,Enabled,https://www.tmlgarageservices.com/our-services/garage-door-opener-installation
TML | Search | Components & Symptoms,Sensors & Safety,garage door sensor repair,Phrase,4.80,Enabled,https://www.tmlgarageservices.com/our-services/garage-door-opener-installation
TML | Search | Components & Symptoms,Sensors & Safety,fix garage door sensor,Exact,6.00,Enabled,https://www.tmlgarageservices.com/our-services/garage-door-opener-installation
TML | Search | Components & Symptoms,Sensors & Safety,fix garage door sensor,Phrase,4.80,Enabled,https://www.tmlgarageservices.com/our-services/garage-door-opener-installation
TML | Search | Components & Symptoms,Sensors & Safety,garage door sensor replacement,Exact,6.00,Enabled,https://www.tmlgarageservices.com/our-services/garage-door-opener-installation
TML | Search | Components & Symptoms,Sensors & Safety,garage door sensor replacement,Phrase,4.80,Enabled,https://www.tmlgarageservices.com/our-services/garage-door-opener-installation
TML | Search | Components & Symptoms,Sensors & Safety,garage door safety sensor replacement,Exact,6.00,Enabled,https://www.tmlgarageservices.com/our-services/garage-door-opener-installation
TML | Search | Components & Symptoms,Sensors & Safety,garage door safety sensor replacement,Phrase,4.80,Enabled,https://www.tmlgarageservices.com/our-services/garage-door-opener-installation
TML | Search | Components & Symptoms,Springs & Cables,garage door torsion spring replacement,Exact,8.00,Enabled,https://www.tmlgarageservices.com/our-services/garage-door-spring-replacement
TML | Search | Components & Symptoms,Springs & Cables,garage door torsion spring replacement,Phrase,6.40,Enabled,https://www.tmlgarageservices.com/our-services/garage-door-spring-replacement
TML | Search | Components & Symptoms,Springs & Cables,garage torsion spring replacement,Exact,8.00,Enabled,https://www.tmlgarageservices.com/our-services/garage-door-spring-replacement
TML | Search | Components & Symptoms,Springs & Cables,garage torsion spring replacement,Phrase,6.40,Enabled,https://www.tmlgarageservices.com/our-services/garage-door-spring-replacement
TML | Search | Components & Symptoms,Springs & Cables,overhead door torsion spring replacement,Exact,8.00,Enabled,https://www.tmlgarageservices.com/our-services/garage-door-spring-replacement
TML | Search | Components & Symptoms,Springs & Cables,overhead door torsion spring replacement,Phrase,6.40,Enabled,https://www.tmlgarageservices.com/our-services/garage-door-spring-replacement
TML | Search | Components & Symptoms,Springs & Cables,garage door cable replacement,Exact,8.00,Enabled,https://www.tmlgarageservices.com/our-services/garage-door-spring-replacement
TML | Search | Components & Symptoms,Springs & Cables,garage door cable replacement,Phrase,6.40,Enabled,https://www.tmlgarageservices.com/our-services/garage-door-spring-replacement
TML | Search | Components & Symptoms,Springs & Cables,overhead door cable replacement,Exact,8.00,Enabled,https://www.tmlgarageservices.com/our-services/garage-door-spring-replacement
TML | Search | Components & Symptoms,Springs & Cables,overhead door cable replacement,Phrase,6.40,Enabled,https://www.tmlgarageservices.com/our-services/garage-door-spring-replacement
TML | Search | Components & Symptoms,Springs & Cables,garage door wire replacement,Exact,8.00,Enabled,https://www.tmlgarageservices.com/our-services/garage-door-spring-replacement
TML | Search | Components & Symptoms,Springs & Cables,garage door wire replacement,Phrase,6.40,Enabled,https://www.tmlgarageservices.com/our-services/garage-door-spring-replacement
TML | Search | Components & Symptoms,Springs & Cables,garage door cable repair,Exact,8.00,Enabled,https://www.tmlgarageservices.com/our-services/garage-door-spring-replacement
TML | Search | Components & Symptoms,Springs & Cables,garage door cable repair,Phrase,6.40,Enabled,https://www.tmlgarageservices.com/our-services/garage-door-spring-replacement
TML | Search | Components & Symptoms,Springs & Cables,garage door cable off drum,Exact,8.00,Enabled,https://www.tmlgarageservices.com/our-services/garage-door-spring-replacement
TML | Search | Components & Symptoms,Springs & Cables,garage door cable off drum,Phrase,6.40,Enabled,https://www.tmlgarageservices.com/our-services/garage-door-spring-replacement
TML | Search | Components & Symptoms,Rollers Tracks Panels,garage door roller replacement,Exact,9.00,Enabled,https://www.tmlgarageservices.com/services
TML | Search | Components & Symptoms,Rollers Tracks Panels,garage door roller replacement,Phrase,7.20,Enabled,https://www.tmlgarageservices.com/services
TML | Search | Components & Symptoms,Rollers Tracks Panels,garage door panel replacement,Exact,9.00,Enabled,https://www.tmlgarageservices.com/services
TML | Search | Components & Symptoms,Rollers Tracks Panels,garage door panel replacement,Phrase,7.20,Enabled,https://www.tmlgarageservices.com/services
TML | Search | Components & Symptoms,Rollers Tracks Panels,garage door track replacement,Exact,9.00,Enabled,https://www.tmlgarageservices.com/services
TML | Search | Components & Symptoms,Rollers Tracks Panels,garage door track replacement,Phrase,7.20,Enabled,https://www.tmlgarageservices.com/services
TML | Search | Components & Symptoms,Rollers Tracks Panels,garage door track repair,Exact,9.00,Enabled,https://www.tmlgarageservices.com/services
TML | Search | Components & Symptoms,Rollers Tracks Panels,garage door track repair,Phrase,7.20,Enabled,https://www.tmlgarageservices.com/services
TML | Search | Components & Symptoms,Rollers Tracks Panels,garage door hinge replacement,Exact,9.00,Enabled,https://www.tmlgarageservices.com/services
TML | Search | Components & Symptoms,Rollers Tracks Panels,garage door hinge replacement,Phrase,7.20,Enabled,https://www.tmlgarageservices.com/services
TML | Search | Components & Symptoms,Rollers Tracks Panels,garage door hinge repair,Exact,9.00,Enabled,https://www.tmlgarageservices.com/services
TML | Search | Components & Symptoms,Rollers Tracks Panels,garage door hinge repair,Phrase,7.20,Enabled,https://www.tmlgarageservices.com/services
TML | Search | Components & Symptoms,Rollers Tracks Panels,garage door bottom seal replacement,Exact,9.00,Enabled,https://www.tmlgarageservices.com/services
TML | Search | Components & Symptoms,Rollers Tracks Panels,garage door bottom seal replacement,Phrase,7.20,Enabled,https://www.tmlgarageservices.com/services
TML | Search | Components & Symptoms,Opener Mechanics,garage door opener replacement,Exact,9.00,Enabled,https://www.tmlgarageservices.com/our-services/garage-door-opener-installation
TML | Search | Components & Symptoms,Opener Mechanics,garage door opener replacement,Phrase,7.20,Enabled,https://www.tmlgarageservices.com/our-services/garage-door-opener-installation
TML | Search | Components & Symptoms,Opener Mechanics,garage door motor replacement,Exact,9.00,Enabled,https://www.tmlgarageservices.com/our-services/garage-door-opener-installation
TML | Search | Components & Symptoms,Opener Mechanics,garage door motor replacement,Phrase,7.20,Enabled,https://www.tmlgarageservices.com/our-services/garage-door-opener-installation
TML | Search | Components & Symptoms,Opener Mechanics,garage door belt replacement,Exact,9.00,Enabled,https://www.tmlgarageservices.com/our-services/garage-door-opener-installation
TML | Search | Components & Symptoms,Opener Mechanics,garage door belt replacement,Phrase,7.20,Enabled,https://www.tmlgarageservices.com/our-services/garage-door-opener-installation
TML | Search | Components & Symptoms,Opener Mechanics,garage door drive belt replacement,Exact,9.00,Enabled,https://www.tmlgarageservices.com/our-services/garage-door-opener-installation
TML | Search | Components & Symptoms,Opener Mechanics,garage door drive belt replacement,Phrase,7.20,Enabled,https://www.tmlgarageservices.com/our-services/garage-door-opener-installation
TML | Search | Components & Symptoms,Opener Mechanics,replace garage door lock,Exact,9.00,Enabled,https://www.tmlgarageservices.com/our-services/garage-door-opener-installation
TML | Search | Components & Symptoms,Opener Mechanics,replace garage door lock,Phrase,7.20,Enabled,https://www.tmlgarageservices.com/our-services/garage-door-opener-installation
TML | Search | Components & Symptoms,Symptoms,garage door wont open,Exact,12.00,Enabled,https://www.tmlgarageservices.com/services
TML | Search | Components & Symptoms,Symptoms,garage door wont open,Phrase,9.60,Enabled,https://www.tmlgarageservices.com/services
TML | Search | Components & Symptoms,Symptoms,garage door won't open,Exact,12.00,Enabled,https://www.tmlgarageservices.com/services
TML | Search | Components & Symptoms,Symptoms,garage door won't open,Phrase,9.60,Enabled,https://www.tmlgarageservices.com/services
TML | Search | Components & Symptoms,Symptoms,garage door wont close,Exact,12.00,Enabled,https://www.tmlgarageservices.com/services
TML | Search | Components & Symptoms,Symptoms,garage door wont close,Phrase,9.60,Enabled,https://www.tmlgarageservices.com/services
TML | Search | Components & Symptoms,Symptoms,garage door won't close,Exact,12.00,Enabled,https://www.tmlgarageservices.com/services
TML | Search | Components & Symptoms,Symptoms,garage door won't close,Phrase,9.60,Enabled,https://www.tmlgarageservices.com/services
TML | Search | Components & Symptoms,Symptoms,garage door stuck,Exact,12.00,Enabled,https://www.tmlgarageservices.com/services
TML | Search | Components & Symptoms,Symptoms,garage door stuck,Phrase,9.60,Enabled,https://www.tmlgarageservices.com/services
TML | Search | Components & Symptoms,Symptoms,garage door off track,Exact,12.00,Enabled,https://www.tmlgarageservices.com/services
TML | Search | Components & Symptoms,Symptoms,garage door off track,Phrase,9.60,Enabled,https://www.tmlgarageservices.com/services
TML | Search | Components & Symptoms,Symptoms,garage door off track repair,Phrase,12.00,Enabled,https://www.tmlgarageservices.com/services
TML | Search | Components & Symptoms,Symptoms,garage door not working,Exact,12.00,Enabled,https://www.tmlgarageservices.com/services
TML | Search | Components & Symptoms,Symptoms,garage door not working,Phrase,9.60,Enabled,https://www.tmlgarageservices.com/services
TML | Search | Components & Symptoms,Symptoms,garage door stuck open,Exact,12.00,Enabled,https://www.tmlgarageservices.com/services
TML | Search | Components & Symptoms,Symptoms,garage door stuck open,Phrase,9.60,Enabled,https://www.tmlgarageservices.com/services
TML | Search | Components & Symptoms,Symptoms,garage door crooked,Exact,12.00,Enabled,https://www.tmlgarageservices.com/services
TML | Search | Components & Symptoms,Symptoms,garage door crooked,Phrase,9.60,Enabled,https://www.tmlgarageservices.com/services
TML | Search | Components & Symptoms,Symptoms,garage door making noise,Exact,12.00,Enabled,https://www.tmlgarageservices.com/services
TML | Search | Components & Symptoms,Symptoms,garage door making noise,Phrase,9.60,Enabled,https://www.tmlgarageservices.com/services
TML | Search | Components & Symptoms,Symptoms,garage door came off track,Exact,12.00,Enabled,https://www.tmlgarageservices.com/services
TML | Search | Components & Symptoms,Symptoms,garage door came off track,Phrase,9.60,Enabled,https://www.tmlgarageservices.com/services
TML | Search | Components & Symptoms,Symptoms,garage door opener not working,Exact,12.00,Enabled,https://www.tmlgarageservices.com/services
TML | Search | Components & Symptoms,Symptoms,garage door opener not working,Phrase,9.60,Enabled,https://www.tmlgarageservices.com/services
TML | Search | Components & Symptoms,Symptoms,garage door opener wont work,Exact,12.00,Enabled,https://www.tmlgarageservices.com/services
TML | Search | Components & Symptoms,Symptoms,garage door opener wont work,Phrase,9.60,Enabled,https://www.tmlgarageservices.com/services
TML | Search | Components & Symptoms,Install Near Me,garage door installation near me,Exact,8.00,Enabled,https://www.tmlgarageservices.com/our-services/residential-garage-door-services
TML | Search | Components & Symptoms,Install Near Me,garage door installation near me,Phrase,6.40,Enabled,https://www.tmlgarageservices.com/our-services/residential-garage-door-services
TML | Search | Head Terms,Repair Core,garage door repair,Exact,30.00,Enabled,https://www.tmlgarageservices.com/services
TML | Search | Head Terms,Repair Core,garage door repair,Phrase,24.00,Enabled,https://www.tmlgarageservices.com/services
TML | Search | Head Terms,Repair Core,garage door repair near me,Exact,30.00,Enabled,https://www.tmlgarageservices.com/services
TML | Search | Head Terms,Repair Core,garage door repair near me,Phrase,24.00,Enabled,https://www.tmlgarageservices.com/services
TML | Search | Head Terms,Repair Core,garage door repair service,Exact,30.00,Enabled,https://www.tmlgarageservices.com/services
TML | Search | Head Terms,Repair Core,garage door repair service,Phrase,24.00,Enabled,https://www.tmlgarageservices.com/services
TML | Search | Head Terms,Repair Core,garage door service,Exact,30.00,Enabled,https://www.tmlgarageservices.com/services
TML | Search | Head Terms,Repair Core,garage door service,Phrase,24.00,Enabled,https://www.tmlgarageservices.com/services
TML | Search | Head Terms,Repair Core,garage door opener repair,Exact,30.00,Enabled,https://www.tmlgarageservices.com/services
TML | Search | Head Terms,Repair Core,garage door opener repair,Phrase,24.00,Enabled,https://www.tmlgarageservices.com/services
TML | Search | Head Terms,Repair Core,garage door opener repair near me,Exact,30.00,Enabled,https://www.tmlgarageservices.com/services
TML | Search | Head Terms,Repair Core,garage door opener repair near me,Phrase,24.00,Enabled,https://www.tmlgarageservices.com/services
TML | Search | Head Terms,Springs Head,garage door spring repair,Exact,30.00,Enabled,https://www.tmlgarageservices.com/our-services/garage-door-spring-replacement
TML | Search | Head Terms,Springs Head,garage door spring repair,Phrase,24.00,Enabled,https://www.tmlgarageservices.com/our-services/garage-door-spring-replacement
TML | Search | Head Terms,Springs Head,broken garage door spring,Exact,30.00,Enabled,https://www.tmlgarageservices.com/our-services/garage-door-spring-replacement
TML | Search | Head Terms,Springs Head,broken garage door spring,Phrase,24.00,Enabled,https://www.tmlgarageservices.com/our-services/garage-door-spring-replacement
TML | Search | Head Terms,Springs Head,garage door spring replacement,Exact,30.00,Enabled,https://www.tmlgarageservices.com/our-services/garage-door-spring-replacement
TML | Search | Head Terms,Springs Head,garage door spring replacement,Phrase,24.00,Enabled,https://www.tmlgarageservices.com/our-services/garage-door-spring-replacement
TML | Search | Head Terms,Springs Head,garage door spring repair near me,Exact,30.00,Enabled,https://www.tmlgarageservices.com/our-services/garage-door-spring-replacement
TML | Search | Head Terms,Springs Head,garage door spring repair near me,Phrase,24.00,Enabled,https://www.tmlgarageservices.com/our-services/garage-door-spring-replacement
TML | Search | Head Terms,Springs Head,garage door spring broke,Exact,30.00,Enabled,https://www.tmlgarageservices.com/our-services/garage-door-spring-replacement
TML | Search | Head Terms,Springs Head,garage door spring broke,Phrase,24.00,Enabled,https://www.tmlgarageservices.com/our-services/garage-door-spring-replacement
TML | Search | Head Terms,Local Towns,garage door repair conroe,Exact,26.00,Enabled,https://www.tmlgarageservices.com/services
TML | Search | Head Terms,Local Towns,garage door repair conroe,Phrase,20.80,Enabled,https://www.tmlgarageservices.com/services
TML | Search | Head Terms,Local Towns,garage door repair conroe tx,Exact,26.00,Enabled,https://www.tmlgarageservices.com/services
TML | Search | Head Terms,Local Towns,garage door repair conroe tx,Phrase,20.80,Enabled,https://www.tmlgarageservices.com/services
TML | Search | Head Terms,Local Towns,garage door conroe,Exact,26.00,Enabled,https://www.tmlgarageservices.com/services
TML | Search | Head Terms,Local Towns,garage door conroe,Phrase,20.80,Enabled,https://www.tmlgarageservices.com/services
TML | Search | Head Terms,Local Towns,garage door repair the woodlands,Exact,26.00,Enabled,https://www.tmlgarageservices.com/services
TML | Search | Head Terms,Local Towns,garage door repair the woodlands,Phrase,20.80,Enabled,https://www.tmlgarageservices.com/services
TML | Search | Head Terms,Local Towns,garage door repair the woodlands tx,Exact,26.00,Enabled,https://www.tmlgarageservices.com/services
TML | Search | Head Terms,Local Towns,garage door repair the woodlands tx,Phrase,20.80,Enabled,https://www.tmlgarageservices.com/services
TML | Search | Head Terms,Local Towns,garage door repair spring tx,Exact,26.00,Enabled,https://www.tmlgarageservices.com/services
TML | Search | Head Terms,Local Towns,garage door repair spring tx,Phrase,20.80,Enabled,https://www.tmlgarageservices.com/services
TML | Search | Head Terms,Local Towns,garage door repair montgomery tx,Exact,26.00,Enabled,https://www.tmlgarageservices.com/services
TML | Search | Head Terms,Local Towns,garage door repair montgomery tx,Phrase,20.80,Enabled,https://www.tmlgarageservices.com/services
TML | Search | Head Terms,Local Towns,garage door repair willis tx,Exact,26.00,Enabled,https://www.tmlgarageservices.com/services
TML | Search | Head Terms,Local Towns,garage door repair willis tx,Phrase,20.80,Enabled,https://www.tmlgarageservices.com/services
TML | Search | Head Terms,Local Towns,garage door repair magnolia tx,Exact,26.00,Enabled,https://www.tmlgarageservices.com/services
TML | Search | Head Terms,Local Towns,garage door repair magnolia tx,Phrase,20.80,Enabled,https://www.tmlgarageservices.com/services
TML | Search | Head Terms,Local Towns,garage door repair tomball tx,Exact,26.00,Enabled,https://www.tmlgarageservices.com/services
TML | Search | Head Terms,Local Towns,garage door repair tomball tx,Phrase,20.80,Enabled,https://www.tmlgarageservices.com/services
TML | Search | Head Terms,Emergency Capped,same day garage door repair,Exact,22.00,Enabled,https://www.tmlgarageservices.com/contact
TML | Search | Head Terms,Emergency Capped,same day garage door repair,Phrase,17.60,Enabled,https://www.tmlgarageservices.com/contact
TML | Search | Head Terms,Emergency Capped,24 hour garage door repair,Exact,22.00,Enabled,https://www.tmlgarageservices.com/contact
TML | Search | Head Terms,Emergency Capped,24 hour garage door repair,Phrase,17.60,Enabled,https://www.tmlgarageservices.com/contact
TML | Search | Head Terms,Emergency Capped,garage door repair open now,Exact,22.00,Enabled,https://www.tmlgarageservices.com/contact
TML | Search | Head Terms,Emergency Capped,garage door repair open now,Phrase,17.60,Enabled,https://www.tmlgarageservices.com/contact
TML | Search | Head Terms,Emergency Capped,garage door repair today,Exact,22.00,Enabled,https://www.tmlgarageservices.com/contact
TML | Search | Head Terms,Emergency Capped,garage door repair today,Phrase,17.60,Enabled,https://www.tmlgarageservices.com/contact
TML | Search | Head Terms,Emergency Capped,weekend garage door repair,Exact,22.00,Enabled,https://www.tmlgarageservices.com/contact
TML | Search | Head Terms,Emergency Capped,weekend garage door repair,Phrase,17.60,Enabled,https://www.tmlgarageservices.com/contact
TML | Search | Head Terms,Emergency Capped,after hours garage door repair,Exact,22.00,Enabled,https://www.tmlgarageservices.com/contact
TML | Search | Head Terms,Emergency Capped,after hours garage door repair,Phrase,17.60,Enabled,https://www.tmlgarageservices.com/contact
TML | Search | Head Terms,Tune Up,garage door tune up,Exact,14.00,Enabled,https://www.tmlgarageservices.com/schedule-consult
TML | Search | Head Terms,Tune Up,garage door tune up,Phrase,11.20,Enabled,https://www.tmlgarageservices.com/schedule-consult
TML | Search | Head Terms,Tune Up,garage door maintenance,Exact,14.00,Enabled,https://www.tmlgarageservices.com/schedule-consult
TML | Search | Head Terms,Tune Up,garage door maintenance,Phrase,11.20,Enabled,https://www.tmlgarageservices.com/schedule-consult
TML | Search | Head Terms,Tune Up,garage door inspection,Exact,14.00,Enabled,https://www.tmlgarageservices.com/schedule-consult
TML | Search | Head Terms,Tune Up,garage door inspection,Phrase,11.20,Enabled,https://www.tmlgarageservices.com/schedule-consult
TML | Search | Head Terms,Tune Up,garage door safety inspection,Exact,14.00,Enabled,https://www.tmlgarageservices.com/schedule-consult
TML | Search | Head Terms,Tune Up,garage door safety inspection,Phrase,11.20,Enabled,https://www.tmlgarageservices.com/schedule-consult
TML | Search | Head Terms,Tune Up,garage door tune up near me,Exact,14.00,Enabled,https://www.tmlgarageservices.com/schedule-consult
TML | Search | Head Terms,Tune Up,garage door tune up near me,Phrase,11.20,Enabled,https://www.tmlgarageservices.com/schedule-consult
TML | Search | Head Terms,Tune Up,garage door lubrication service,Exact,14.00,Enabled,https://www.tmlgarageservices.com/schedule-consult
TML | Search | Head Terms,Tune Up,garage door lubrication service,Phrase,11.20,Enabled,https://www.tmlgarageservices.com/schedule-consult
TML | Search | Install & Replace,New Door Install,new garage door installation,Exact,26.00,Enabled,https://www.tmlgarageservices.com/our-services/residential-garage-door-services
TML | Search | Install & Replace,New Door Install,new garage door installation,Phrase,20.80,Enabled,https://www.tmlgarageservices.com/our-services/residential-garage-door-services
TML | Search | Install & Replace,New Door Install,garage door installation,Exact,26.00,Enabled,https://www.tmlgarageservices.com/our-services/residential-garage-door-services
TML | Search | Install & Replace,New Door Install,garage door installation,Phrase,20.80,Enabled,https://www.tmlgarageservices.com/our-services/residential-garage-door-services
TML | Search | Install & Replace,New Door Install,garage door replacement,Exact,26.00,Enabled,https://www.tmlgarageservices.com/our-services/residential-garage-door-services
TML | Search | Install & Replace,New Door Install,garage door replacement,Phrase,20.80,Enabled,https://www.tmlgarageservices.com/our-services/residential-garage-door-services
TML | Search | Install & Replace,New Door Install,replace garage door,Exact,26.00,Enabled,https://www.tmlgarageservices.com/our-services/residential-garage-door-services
TML | Search | Install & Replace,New Door Install,replace garage door,Phrase,20.80,Enabled,https://www.tmlgarageservices.com/our-services/residential-garage-door-services
TML | Search | Install & Replace,New Door Install,new garage door,Exact,26.00,Enabled,https://www.tmlgarageservices.com/our-services/residential-garage-door-services
TML | Search | Install & Replace,New Door Install,new garage door,Phrase,20.80,Enabled,https://www.tmlgarageservices.com/our-services/residential-garage-door-services
TML | Search | Install & Replace,New Door Install,garage door installers near me,Exact,26.00,Enabled,https://www.tmlgarageservices.com/our-services/residential-garage-door-services
TML | Search | Install & Replace,New Door Install,garage door installers near me,Phrase,20.80,Enabled,https://www.tmlgarageservices.com/our-services/residential-garage-door-services
TML | Search | Install & Replace,New Door Install,new garage door cost,Exact,26.00,Enabled,https://www.tmlgarageservices.com/our-services/residential-garage-door-services
TML | Search | Install & Replace,New Door Install,new garage door cost,Phrase,20.80,Enabled,https://www.tmlgarageservices.com/our-services/residential-garage-door-services
TML | Search | Install & Replace,New Door Install,garage door replacement cost,Exact,26.00,Enabled,https://www.tmlgarageservices.com/our-services/residential-garage-door-services
TML | Search | Install & Replace,New Door Install,garage door replacement cost,Phrase,20.80,Enabled,https://www.tmlgarageservices.com/our-services/residential-garage-door-services
TML | Search | Install & Replace,Door Types,insulated garage door,Exact,8.00,Enabled,https://www.tmlgarageservices.com/our-services/residential-garage-door-services
TML | Search | Install & Replace,Door Types,insulated garage door,Phrase,6.40,Enabled,https://www.tmlgarageservices.com/our-services/residential-garage-door-services
TML | Search | Install & Replace,Door Types,insulated garage door installation,Phrase,8.00,Enabled,https://www.tmlgarageservices.com/our-services/residential-garage-door-services
TML | Search | Install & Replace,Door Types,carriage garage doors,Exact,8.00,Enabled,https://www.tmlgarageservices.com/our-services/residential-garage-door-services
TML | Search | Install & Replace,Door Types,carriage garage doors,Phrase,6.40,Enabled,https://www.tmlgarageservices.com/our-services/residential-garage-door-services
TML | Search | Install & Replace,Door Types,custom garage doors,Exact,8.00,Enabled,https://www.tmlgarageservices.com/our-services/residential-garage-door-services
TML | Search | Install & Replace,Door Types,custom garage doors,Phrase,6.40,Enabled,https://www.tmlgarageservices.com/our-services/residential-garage-door-services
TML | Search | Install & Replace,Door Types,modern garage doors,Exact,8.00,Enabled,https://www.tmlgarageservices.com/our-services/residential-garage-door-services
TML | Search | Install & Replace,Door Types,modern garage doors,Phrase,6.40,Enabled,https://www.tmlgarageservices.com/our-services/residential-garage-door-services
TML | Search | Install & Replace,Door Types,steel garage door installation,Exact,8.00,Enabled,https://www.tmlgarageservices.com/our-services/residential-garage-door-services
TML | Search | Install & Replace,Door Types,steel garage door installation,Phrase,6.40,Enabled,https://www.tmlgarageservices.com/our-services/residential-garage-door-services
TML | Search | Install & Replace,Door Types,wood garage door installation,Exact,8.00,Enabled,https://www.tmlgarageservices.com/our-services/residential-garage-door-services
TML | Search | Install & Replace,Door Types,wood garage door installation,Phrase,6.40,Enabled,https://www.tmlgarageservices.com/our-services/residential-garage-door-services
TML | Search | Install & Replace,Door Types,glass garage door installation,Exact,8.00,Enabled,https://www.tmlgarageservices.com/our-services/residential-garage-door-services
TML | Search | Install & Replace,Door Types,glass garage door installation,Phrase,6.40,Enabled,https://www.tmlgarageservices.com/our-services/residential-garage-door-services
TML | Search | Install & Replace,Door Types,double garage door replacement,Exact,8.00,Enabled,https://www.tmlgarageservices.com/our-services/residential-garage-door-services
TML | Search | Install & Replace,Door Types,double garage door replacement,Phrase,6.40,Enabled,https://www.tmlgarageservices.com/our-services/residential-garage-door-services
TML | Search | Install & Replace,Opener Install & Brands,garage door opener installation,Exact,16.00,Enabled,https://www.tmlgarageservices.com/our-services/garage-door-opener-installation
TML | Search | Install & Replace,Opener Install & Brands,garage door opener installation,Phrase,12.80,Enabled,https://www.tmlgarageservices.com/our-services/garage-door-opener-installation
TML | Search | Install & Replace,Opener Install & Brands,new garage door opener,Exact,16.00,Enabled,https://www.tmlgarageservices.com/our-services/garage-door-opener-installation
TML | Search | Install & Replace,Opener Install & Brands,new garage door opener,Phrase,12.80,Enabled,https://www.tmlgarageservices.com/our-services/garage-door-opener-installation
TML | Search | Install & Replace,Opener Install & Brands,liftmaster garage door opener installation,Exact,16.00,Enabled,https://www.tmlgarageservices.com/our-services/garage-door-opener-installation
TML | Search | Install & Replace,Opener Install & Brands,liftmaster garage door opener installation,Phrase,12.80,Enabled,https://www.tmlgarageservices.com/our-services/garage-door-opener-installation
TML | Search | Install & Replace,Opener Install & Brands,liftmaster dealer near me,Exact,16.00,Enabled,https://www.tmlgarageservices.com/our-services/garage-door-opener-installation
TML | Search | Install & Replace,Opener Install & Brands,liftmaster dealer near me,Phrase,12.80,Enabled,https://www.tmlgarageservices.com/our-services/garage-door-opener-installation
TML | Search | Install & Replace,Opener Install & Brands,chamberlain garage door opener repair,Exact,16.00,Enabled,https://www.tmlgarageservices.com/our-services/garage-door-opener-installation
TML | Search | Install & Replace,Opener Install & Brands,chamberlain garage door opener repair,Phrase,12.80,Enabled,https://www.tmlgarageservices.com/our-services/garage-door-opener-installation
TML | Search | Install & Replace,Opener Install & Brands,genie garage door opener repair,Exact,16.00,Enabled,https://www.tmlgarageservices.com/our-services/garage-door-opener-installation
TML | Search | Install & Replace,Opener Install & Brands,genie garage door opener repair,Phrase,12.80,Enabled,https://www.tmlgarageservices.com/our-services/garage-door-opener-installation
TML | Search | Install & Replace,Opener Install & Brands,craftsman garage door opener repair,Exact,16.00,Enabled,https://www.tmlgarageservices.com/our-services/garage-door-opener-installation
TML | Search | Install & Replace,Opener Install & Brands,craftsman garage door opener repair,Phrase,12.80,Enabled,https://www.tmlgarageservices.com/our-services/garage-door-opener-installation
TML | Search | Install & Replace,Opener Install & Brands,smart garage door opener installation,Exact,16.00,Enabled,https://www.tmlgarageservices.com/our-services/garage-door-opener-installation
TML | Search | Install & Replace,Opener Install & Brands,smart garage door opener installation,Phrase,12.80,Enabled,https://www.tmlgarageservices.com/our-services/garage-door-opener-installation
TML | Search | Install & Replace,Opener Install & Brands,wall mount garage door opener installation,Exact,16.00,Enabled,https://www.tmlgarageservices.com/our-services/garage-door-opener-installation
TML | Search | Install & Replace,Opener Install & Brands,wall mount garage door opener installation,Phrase,12.80,Enabled,https://www.tmlgarageservices.com/our-services/garage-door-opener-installation
TML | Search | Commercial & Gates,Commercial Overhead,commercial garage door repair,Exact,40.00,Enabled,https://www.tmlgarageservices.com/our-services/commercial-overhead-door-services
TML | Search | Commercial & Gates,Commercial Overhead,commercial garage door repair,Phrase,32.00,Enabled,https://www.tmlgarageservices.com/our-services/commercial-overhead-door-services
TML | Search | Commercial & Gates,Commercial Overhead,commercial garage door repair near me,Exact,40.00,Enabled,https://www.tmlgarageservices.com/our-services/commercial-overhead-door-services
TML | Search | Commercial & Gates,Commercial Overhead,commercial garage door repair near me,Phrase,32.00,Enabled,https://www.tmlgarageservices.com/our-services/commercial-overhead-door-services
TML | Search | Commercial & Gates,Commercial Overhead,commercial overhead door repair,Exact,40.00,Enabled,https://www.tmlgarageservices.com/our-services/commercial-overhead-door-services
TML | Search | Commercial & Gates,Commercial Overhead,commercial overhead door repair,Phrase,32.00,Enabled,https://www.tmlgarageservices.com/our-services/commercial-overhead-door-services
TML | Search | Commercial & Gates,Commercial Overhead,overhead door repair,Exact,40.00,Enabled,https://www.tmlgarageservices.com/our-services/commercial-overhead-door-services
TML | Search | Commercial & Gates,Commercial Overhead,overhead door repair,Phrase,32.00,Enabled,https://www.tmlgarageservices.com/our-services/commercial-overhead-door-services
TML | Search | Commercial & Gates,Commercial Overhead,commercial garage door installation,Exact,40.00,Enabled,https://www.tmlgarageservices.com/our-services/commercial-overhead-door-services
TML | Search | Commercial & Gates,Commercial Overhead,commercial garage door installation,Phrase,32.00,Enabled,https://www.tmlgarageservices.com/our-services/commercial-overhead-door-services
TML | Search | Commercial & Gates,Commercial Overhead,rolling steel door repair,Exact,40.00,Enabled,https://www.tmlgarageservices.com/our-services/commercial-overhead-door-services
TML | Search | Commercial & Gates,Commercial Overhead,rolling steel door repair,Phrase,32.00,Enabled,https://www.tmlgarageservices.com/our-services/commercial-overhead-door-services
TML | Search | Commercial & Gates,Commercial Overhead,loading dock door repair,Exact,40.00,Enabled,https://www.tmlgarageservices.com/our-services/commercial-overhead-door-services
TML | Search | Commercial & Gates,Commercial Overhead,loading dock door repair,Phrase,32.00,Enabled,https://www.tmlgarageservices.com/our-services/commercial-overhead-door-services
TML | Search | Commercial & Gates,Commercial Overhead,commercial door repair near me,Exact,40.00,Enabled,https://www.tmlgarageservices.com/our-services/commercial-overhead-door-services
TML | Search | Commercial & Gates,Commercial Overhead,commercial door repair near me,Phrase,32.00,Enabled,https://www.tmlgarageservices.com/our-services/commercial-overhead-door-services
TML | Search | Commercial & Gates,Commercial Overhead,warehouse door repair,Exact,40.00,Enabled,https://www.tmlgarageservices.com/our-services/commercial-overhead-door-services
TML | Search | Commercial & Gates,Commercial Overhead,warehouse door repair,Phrase,32.00,Enabled,https://www.tmlgarageservices.com/our-services/commercial-overhead-door-services
TML | Search | Commercial & Gates,Commercial Overhead,roll up door repair,Exact,40.00,Enabled,https://www.tmlgarageservices.com/our-services/commercial-overhead-door-services
TML | Search | Commercial & Gates,Commercial Overhead,roll up door repair,Phrase,32.00,Enabled,https://www.tmlgarageservices.com/our-services/commercial-overhead-door-services
TML | Search | Commercial & Gates,Gates,driveway gate repair,Exact,20.00,Enabled,https://www.tmlgarageservices.com/our-services/residential-driveway-gate-services
TML | Search | Commercial & Gates,Gates,driveway gate repair,Phrase,16.00,Enabled,https://www.tmlgarageservices.com/our-services/residential-driveway-gate-services
TML | Search | Commercial & Gates,Gates,gate opener repair,Exact,20.00,Enabled,https://www.tmlgarageservices.com/our-services/residential-driveway-gate-services
TML | Search | Commercial & Gates,Gates,gate opener repair,Phrase,16.00,Enabled,https://www.tmlgarageservices.com/our-services/residential-driveway-gate-services
TML | Search | Commercial & Gates,Gates,automatic gate repair,Exact,20.00,Enabled,https://www.tmlgarageservices.com/our-services/residential-driveway-gate-services
TML | Search | Commercial & Gates,Gates,automatic gate repair,Phrase,16.00,Enabled,https://www.tmlgarageservices.com/our-services/residential-driveway-gate-services
TML | Search | Commercial & Gates,Gates,electric gate repair,Exact,20.00,Enabled,https://www.tmlgarageservices.com/our-services/residential-driveway-gate-services
TML | Search | Commercial & Gates,Gates,electric gate repair,Phrase,16.00,Enabled,https://www.tmlgarageservices.com/our-services/residential-driveway-gate-services
TML | Search | Commercial & Gates,Gates,driveway gate installation,Exact,20.00,Enabled,https://www.tmlgarageservices.com/our-services/residential-driveway-gate-services
TML | Search | Commercial & Gates,Gates,driveway gate installation,Phrase,16.00,Enabled,https://www.tmlgarageservices.com/our-services/residential-driveway-gate-services
TML | Search | Commercial & Gates,Gates,gate operator repair,Exact,20.00,Enabled,https://www.tmlgarageservices.com/our-services/residential-driveway-gate-services
TML | Search | Commercial & Gates,Gates,gate operator repair,Phrase,16.00,Enabled,https://www.tmlgarageservices.com/our-services/residential-driveway-gate-services
TML | Search | Commercial & Gates,Gates,automatic gate installation,Exact,20.00,Enabled,https://www.tmlgarageservices.com/our-services/residential-driveway-gate-services
TML | Search | Commercial & Gates,Gates,automatic gate installation,Phrase,16.00,Enabled,https://www.tmlgarageservices.com/our-services/residential-driveway-gate-services
TML | Search | Commercial & Gates,Gates,gate motor repair,Exact,20.00,Enabled,https://www.tmlgarageservices.com/our-services/residential-driveway-gate-services
TML | Search | Commercial & Gates,Gates,gate motor repair,Phrase,16.00,Enabled,https://www.tmlgarageservices.com/our-services/residential-driveway-gate-services
TML | Search | Commercial & Gates,Gates,commercial gate repair,Exact,20.00,Enabled,https://www.tmlgarageservices.com/our-services/residential-driveway-gate-services
TML | Search | Commercial & Gates,Gates,commercial gate repair,Phrase,16.00,Enabled,https://www.tmlgarageservices.com/our-services/residential-driveway-gate-services
TML | Search | Competitor,Competitor Brands,pro garage door repair,Exact,8.00,Enabled,https://www.tmlgarageservices.com/services
TML | Search | Competitor,Competitor Brands,garage door service master,Exact,8.00,Enabled,https://www.tmlgarageservices.com/services
TML | Search | Competitor,Competitor Brands,speedy garage door repair,Exact,8.00,Enabled,https://www.tmlgarageservices.com/services
TML | Search | Competitor,Competitor Brands,elite garage door repair,Exact,8.00,Enabled,https://www.tmlgarageservices.com/services
TML | Search | Brand,TML Brand,tml garage door services,Exact,3.00,Enabled,https://www.tmlgarageservices.com/
TML | Search | Brand,TML Brand,tml garage services,Exact,3.00,Enabled,https://www.tmlgarageservices.com/
TML | Search | Brand,TML Brand,tml garage door,Phrase,3.00,Enabled,https://www.tmlgarageservices.com/
TML | Search | Brand,TML Brand,tml garage door conroe,Exact,3.00,Enabled,https://www.tmlgarageservices.com/
