Campaign,Sitelink Text,Description Line 1,Description Line 2,Final URL
TML | Search | Head Terms,Book Online,Pick a day and time.,Confirmation straight away.,https://www.tmlgarageservices.com/schedule-consult
TML | Search | Head Terms,Spring Replacement,Broken spring? Same day.,Replaced in matched pairs.,https://www.tmlgarageservices.com/our-services/garage-door-spring-replacement
TML | Search | Head Terms,Opener Repair,"LiftMaster, Genie, Craftsman.",Same-day appointments.,https://www.tmlgarageservices.com/our-services/garage-door-opener-installation
TML | Search | Head Terms,New Garage Doors,Measured and fitted on site.,Full price before ordering.,https://www.tmlgarageservices.com/our-services/residential-garage-door-services
TML | Search | Head Terms,Commercial Doors,"Overhead, roll-up and dock.",Emergency service available.,https://www.tmlgarageservices.com/our-services/commercial-overhead-door-services
TML | Search | Head Terms,Driveway Gates,Gate and operator repair.,Across greater Houston.,https://www.tmlgarageservices.com/our-services/residential-driveway-gate-services
TML | Search | Install & Replace,Book Online,Pick a day and time.,Confirmation straight away.,https://www.tmlgarageservices.com/schedule-consult
TML | Search | Install & Replace,Spring Replacement,Broken spring? Same day.,Replaced in matched pairs.,https://www.tmlgarageservices.com/our-services/garage-door-spring-replacement
TML | Search | Install & Replace,Opener Repair,"LiftMaster, Genie, Craftsman.",Same-day appointments.,https://www.tmlgarageservices.com/our-services/garage-door-opener-installation
TML | Search | Install & Replace,New Garage Doors,Measured and fitted on site.,Full price before ordering.,https://www.tmlgarageservices.com/our-services/residential-garage-door-services
TML | Search | Install & Replace,Commercial Doors,"Overhead, roll-up and dock.",Emergency service available.,https://www.tmlgarageservices.com/our-services/commercial-overhead-door-services
TML | Search | Install & Replace,Driveway Gates,Gate and operator repair.,Across greater Houston.,https://www.tmlgarageservices.com/our-services/residential-driveway-gate-services
TML | Search | Commercial & Gates,Book Online,Pick a day and time.,Confirmation straight away.,https://www.tmlgarageservices.com/schedule-consult
TML | Search | Commercial & Gates,Spring Replacement,Broken spring? Same day.,Replaced in matched pairs.,https://www.tmlgarageservices.com/our-services/garage-door-spring-replacement
TML | Search | Commercial & Gates,Opener Repair,"LiftMaster, Genie, Craftsman.",Same-day appointments.,https://www.tmlgarageservices.com/our-services/garage-door-opener-installation
TML | Search | Commercial & Gates,New Garage Doors,Measured and fitted on site.,Full price before ordering.,https://www.tmlgarageservices.com/our-services/residential-garage-door-services
TML | Search | Commercial & Gates,Commercial Doors,"Overhead, roll-up and dock.",Emergency service available.,https://www.tmlgarageservices.com/our-services/commercial-overhead-door-services
TML | Search | Commercial & Gates,Driveway Gates,Gate and operator repair.,Across greater Houston.,https://www.tmlgarageservices.com/our-services/residential-driveway-gate-services
TML | Search | Components & Symptoms,Book Online,Pick a day and time.,Confirmation straight away.,https://www.tmlgarageservices.com/schedule-consult
TML | Search | Components & Symptoms,Spring Replacement,Broken spring? Same day.,Replaced in matched pairs.,https://www.tmlgarageservices.com/our-services/garage-door-spring-replacement
TML | Search | Components & Symptoms,Opener Repair,"LiftMaster, Genie, Craftsman.",Same-day appointments.,https://www.tmlgarageservices.com/our-services/garage-door-opener-installation
TML | Search | Components & Symptoms,New Garage Doors,Measured and fitted on site.,Full price before ordering.,https://www.tmlgarageservices.com/our-services/residential-garage-door-services
TML | Search | Components & Symptoms,Commercial Doors,"Overhead, roll-up and dock.",Emergency service available.,https://www.tmlgarageservices.com/our-services/commercial-overhead-door-services
TML | Search | Components & Symptoms,Driveway Gates,Gate and operator repair.,Across greater Houston.,https://www.tmlgarageservices.com/our-services/residential-driveway-gate-services
TML | Search | Competitor,Book Online,Pick a day and time.,Confirmation straight away.,https://www.tmlgarageservices.com/schedule-consult
TML | Search | Competitor,Spring Replacement,Broken spring? Same day.,Replaced in matched pairs.,https://www.tmlgarageservices.com/our-services/garage-door-spring-replacement
TML | Search | Competitor,Opener Repair,"LiftMaster, Genie, Craftsman.",Same-day appointments.,https://www.tmlgarageservices.com/our-services/garage-door-opener-installation
TML | Search | Competitor,New Garage Doors,Measured and fitted on site.,Full price before ordering.,https://www.tmlgarageservices.com/our-services/residential-garage-door-services
TML | Search | Competitor,Commercial Doors,"Overhead, roll-up and dock.",Emergency service available.,https://www.tmlgarageservices.com/our-services/commercial-overhead-door-services
TML | Search | Competitor,Driveway Gates,Gate and operator repair.,Across greater Houston.,https://www.tmlgarageservices.com/our-services/residential-driveway-gate-services
TML | Search | Brand,Book Online,Pick a day and time.,Confirmation straight away.,https://www.tmlgarageservices.com/schedule-consult
TML | Search | Brand,Spring Replacement,Broken spring? Same day.,Replaced in matched pairs.,https://www.tmlgarageservices.com/our-services/garage-door-spring-replacement
TML | Search | Brand,Opener Repair,"LiftMaster, Genie, Craftsman.",Same-day appointments.,https://www.tmlgarageservices.com/our-services/garage-door-opener-installation
TML | Search | Brand,New Garage Doors,Measured and fitted on site.,Full price before ordering.,https://www.tmlgarageservices.com/our-services/residential-garage-door-services
TML | Search | Brand,Commercial Doors,"Overhead, roll-up and dock.",Emergency service available.,https://www.tmlgarageservices.com/our-services/commercial-overhead-door-services
TML | Search | Brand,Driveway Gates,Gate and operator repair.,Across greater Houston.,https://www.tmlgarageservices.com/our-services/residential-driveway-gate-services
