Campaign,Callout Text
TML | Search | Head Terms,Same-Day Appointments
TML | Search | Head Terms,No Weekend Surcharge
TML | Search | Head Terms,Upfront Pricing
TML | Search | Head Terms,Trained & Insured Techs
TML | Search | Head Terms,Locally Based In Conroe
TML | Search | Head Terms,Emergency Service
TML | Search | Head Terms,LiftMaster Openers
TML | Search | Head Terms,Free On-Site Quote
TML | Search | Install & Replace,Same-Day Appointments
TML | Search | Install & Replace,No Weekend Surcharge
TML | Search | Install & Replace,Upfront Pricing
TML | Search | Install & Replace,Trained & Insured Techs
TML | Search | Install & Replace,Locally Based In Conroe
TML | Search | Install & Replace,Emergency Service
TML | Search | Install & Replace,LiftMaster Openers
TML | Search | Install & Replace,Free On-Site Quote
TML | Search | Commercial & Gates,Same-Day Appointments
TML | Search | Commercial & Gates,No Weekend Surcharge
TML | Search | Commercial & Gates,Upfront Pricing
TML | Search | Commercial & Gates,Trained & Insured Techs
TML | Search | Commercial & Gates,Locally Based In Conroe
TML | Search | Commercial & Gates,Emergency Service
TML | Search | Commercial & Gates,LiftMaster Openers
TML | Search | Commercial & Gates,Free On-Site Quote
TML | Search | Components & Symptoms,Same-Day Appointments
TML | Search | Components & Symptoms,No Weekend Surcharge
TML | Search | Components & Symptoms,Upfront Pricing
TML | Search | Components & Symptoms,Trained & Insured Techs
TML | Search | Components & Symptoms,Locally Based In Conroe
TML | Search | Components & Symptoms,Emergency Service
TML | Search | Components & Symptoms,LiftMaster Openers
TML | Search | Components & Symptoms,Free On-Site Quote
TML | Search | Competitor,Same-Day Appointments
TML | Search | Competitor,No Weekend Surcharge
TML | Search | Competitor,Upfront Pricing
TML | Search | Competitor,Trained & Insured Techs
TML | Search | Competitor,Locally Based In Conroe
TML | Search | Competitor,Emergency Service
TML | Search | Competitor,LiftMaster Openers
TML | Search | Competitor,Free On-Site Quote
TML | Search | Brand,Same-Day Appointments
TML | Search | Brand,No Weekend Surcharge
TML | Search | Brand,Upfront Pricing
TML | Search | Brand,Trained & Insured Techs
TML | Search | Brand,Locally Based In Conroe
TML | Search | Brand,Emergency Service
TML | Search | Brand,LiftMaster Openers
TML | Search | Brand,Free On-Site Quote
