Campaign,Header,Values
TML | Search | Head Terms,Services,Spring Replacement; Opener Repair; New Installation; Cable & Roller Repair; Commercial Doors; Driveway Gates
TML | Search | Head Terms,Brands,LiftMaster; Chamberlain; Genie; Craftsman
TML | Search | Install & Replace,Services,Spring Replacement; Opener Repair; New Installation; Cable & Roller Repair; Commercial Doors; Driveway Gates
TML | Search | Install & Replace,Brands,LiftMaster; Chamberlain; Genie; Craftsman
TML | Search | Commercial & Gates,Services,Spring Replacement; Opener Repair; New Installation; Cable & Roller Repair; Commercial Doors; Driveway Gates
TML | Search | Commercial & Gates,Brands,LiftMaster; Chamberlain; Genie; Craftsman
TML | Search | Components & Symptoms,Services,Spring Replacement; Opener Repair; New Installation; Cable & Roller Repair; Commercial Doors; Driveway Gates
TML | Search | Components & Symptoms,Brands,LiftMaster; Chamberlain; Genie; Craftsman
TML | Search | Competitor,Services,Spring Replacement; Opener Repair; New Installation; Cable & Roller Repair; Commercial Doors; Driveway Gates
TML | Search | Competitor,Brands,LiftMaster; Chamberlain; Genie; Craftsman
TML | Search | Brand,Services,Spring Replacement; Opener Repair; New Installation; Cable & Roller Repair; Commercial Doors; Driveway Gates
TML | Search | Brand,Brands,LiftMaster; Chamberlain; Genie; Craftsman
